-0.97809202;0.12451552
-0.97559202;0.07934812
-0.97309202;0.02624592
-0.97059202;-0.01953185
-0.96809202;-0.04516739
-0.96559202;-0.04943999
-0.96309202;-0.04272591
-0.96059202;-0.03601184
-0.95809202;-0.03601184
-0.95559202;-0.04272591
-0.95309202;-0.04943999
-0.95059202;-0.04516739
-0.94809202;-0.01953185
-0.94559202;0.02624592
-0.94309202;0.07934812
-0.94059202;0.12451552
-0.93809202;0.15137181
-0.93559202;0.16296884
-0.93309202;0.16296884
-0.93059202;0.15137181
-0.92809202;0.12451552
-0.92559202;0.07934812
-0.92309202;0.02624592
-0.92059202;-0.01892148
-0.91809202;-0.04638813
-0.91559202;-0.05676443
-0.91309202;-0.05676443
-0.91059202;-0.04638813
-0.90809202;-0.01892148
-0.90559202;0.02624592
-0.90309202;0.07934812
-0.90059202;0.12451552
-0.89809202;0.15137181
-0.89559202;0.16296884
-0.89309202;0.16296884
-0.89059202;0.15137181
-0.88809202;0.12451552
-0.88559202;0.07934812
-0.88309202;0.02624592
-0.88059202;-0.01953185
-0.87809202;-0.04516739
-0.87559202;-0.04943999
-0.87309202;-0.04272591
-0.87059202;-0.03662221
-0.86809202;-0.03479110
-0.86559202;-0.03540147
-0.86309202;-0.03540147
-0.86059202;-0.03540147
-0.85809202;-0.03540147
-0.85559202;-0.03540147
-0.85309202;-0.03540147
-0.85059202;-0.03540147
-0.84809202;-0.03540147
-0.84559202;-0.03540147
-0.84309202;-0.03540147
-0.84059202;-0.03479110
-0.83809202;-0.03662221
-0.83559202;-0.04272591
-0.83309202;-0.04943999
-0.83059202;-0.04516739
-0.82809202;-0.01953185
-0.82559202;0.02624592
-0.82309202;0.07934812
-0.82059202;0.12451552
-0.81809202;0.15137181
-0.81559202;0.16296884
-0.81309202;0.16296884
-0.81059202;0.15198217
-0.80809202;0.12329478
-0.80559202;0.07263406
-0.80309202;0.01220740
-0.80059202;-0.02990814
-0.79809202;-0.02807703
-0.79559202;0.01953185
-0.79309202;0.08667257
-0.79059202;0.13367108
-0.78809202;0.13367108
-0.78559202;0.08667257
-0.78309202;0.01953185
-0.78059202;-0.02868740
-0.77809202;-0.02868740
-0.77559202;0.01953185
-0.77309202;0.08667257
-0.77059202;0.13306069
-0.76809202;0.13489181
-0.76559202;0.09399701
-0.76309202;0.03357036
-0.76059202;-0.01770074
-0.75809202;-0.04699850
-0.75559202;-0.05676443
-0.75309202;-0.05676443
-0.75059202;-0.04638813
-0.74809202;-0.01892148
-0.74559202;0.02624592
-0.74309202;0.07934812
-0.74059202;0.12451552
-0.73809202;0.15015107
-0.73559202;0.15564440
-0.73309202;0.14893033
-0.73059202;0.14160588
-0.72809202;0.14038515
-0.72559202;0.14160588
-0.72309202;0.14160588
-0.72059202;0.14038515
-0.71809202;0.14160588
-0.71559202;0.14893033
-0.71309202;0.15564440
-0.71059202;0.15015107
-0.70809202;0.12451552
-0.70559202;0.07934812
-0.70309202;0.02624592
-0.70059202;-0.01892148
-0.69809202;-0.04638813
-0.69559202;-0.05676443
-0.69309202;-0.05676443
-0.69059202;-0.04638813
-0.68809202;-0.01892148
-0.68559202;0.02624592
-0.68309202;0.07934812
-0.68059202;0.12451552
-0.67809202;0.15137181
-0.67559202;0.16296884
-0.67309202;0.16296884
-0.67059202;0.15198217
-0.66809202;0.12329478
-0.66559202;0.07263406
-0.66309202;0.01220740
-0.66059202;-0.02929777
-0.65809202;-0.02929777
-0.65559202;0.01220740
-0.65309202;0.07263406
-0.65059202;0.12329478
-0.64809202;0.15198217
-0.64559202;0.16296884
-0.64309202;0.16296884
-0.64059202;0.15198217
-0.63809202;0.12329478
-0.63559202;0.07263406
-0.63309202;0.01220740
-0.63059202;-0.02990814
-0.62809202;-0.02807703
-0.62559202;0.01953185
-0.62309202;0.08667257
-0.62059202;0.13367108
-0.61809202;0.13367108
-0.61559202;0.08667257
-0.61309202;0.01953185
-0.61059202;-0.02807703
-0.60809202;-0.02990814
-0.60559202;0.01220740
-0.60309202;0.07263406
-0.60059202;0.12329478
-0.59809202;0.15076144
-0.59559202;0.15564440
-0.59309202;0.14893033
-0.59059202;0.14160588
-0.58809202;0.14160588
-0.58559202;0.14893033
-0.58309202;0.15564440
-0.58059202;0.15076144
-0.57809202;0.12329478
-0.57559202;0.07263406
-0.57309202;0.01220740
-0.57059202;-0.02929777
-0.56809202;-0.02929777
-0.56559202;0.01220740
-0.56309202;0.07263406
-0.56059202;0.12329478
-0.55809202;0.15076144
-0.55559202;0.15564440
-0.55309202;0.14893033
-0.55059202;0.14160588
-0.54809202;0.14038515
-0.54559202;0.14160588
-0.54309202;0.14160588
-0.54059202;0.14038515
-0.53809202;0.14038515
-0.53559202;0.14160588
-0.53309202;0.14160588
-0.53059202;0.14038515
-0.52809202;0.14038515
-0.52559202;0.14160588
-0.52309202;0.14160588
-0.52059202;0.14038515
-0.51809202;0.14038515
-0.51559202;0.14160588
-0.51309202;0.14160588
-0.51059202;0.14038515
-0.50809202;0.14038515
-0.50559202;0.14160588
-0.50309202;0.14160588
-0.50059202;0.14038515
-0.49809202;0.14038515
-0.49559202;0.14160588
-0.49309202;0.14160588
-0.49059202;0.14038515
-0.48809202;0.14038515
-0.48559202;0.14160588
-0.48309202;0.14160588
-0.48059202;0.14038515
-0.47809202;0.14038515
-0.47559202;0.14160588
-0.47309202;0.14160588
-0.47059202;0.14038515
-0.46809202;0.14038515
-0.46559202;0.14160588
-0.46309202;0.14160588
-0.46059202;0.14038515
-0.45809202;0.14038515
-0.45559202;0.14160588
-0.45309202;0.14160588
-0.45059202;0.14038515
-0.44809202;0.14038515
-0.44559202;0.14160588
-0.44309202;0.14160588
-0.44059202;0.14038515
-0.43809202;0.14160588
-0.43559202;0.14893033
-0.43309202;0.15564440
-0.43059202;0.15015107
-0.42809202;0.12451552
-0.42559202;0.07934812
-0.42309202;0.02624592
-0.42059202;-0.01892148
-0.41809202;-0.04638813
-0.41559202;-0.05676443
-0.41309202;-0.05676443
-0.41059202;-0.04577776
-0.40809202;-0.02136296
-0.40559202;0.01220740
-0.40309202;0.05127110
-0.40059202;0.10498367
-0.39809202;0.18127994
-0.39559202;0.27283546
-0.39309202;0.36500138
-0.39059202;0.45167392
-0.38809202;0.52491838
-0.38559202;0.57191688
-0.38309202;0.59694207
-0.38059202;0.63417464
-0.37809202;0.70619833
-0.37559202;0.79653311
-0.37309202;0.88198495
-0.37059202;0.96865749
-0.36809202;1.06814778
-0.36559202;1.16519666
-0.36309202;1.24332404
-0.36059202;1.32084107
-0.35809202;1.42033148
-0.35559202;1.52653587
-0.35309202;1.61198771
-0.35059202;1.68218029
-0.34809202;1.75542462
-0.34559202;1.81890321
-0.34309202;1.85125279
-0.34059202;1.87444687
-0.33809202;1.92083502
-0.33559202;1.97515798
-0.33309202;2.00750756
-0.33059202;2.03924680
-0.32809202;2.11249113
-0.32559202;2.21442294
-0.32309202;2.29987478
-0.32059202;2.37434006
-0.31809202;2.47383046
-0.31559202;2.58308673
-0.31309202;2.66121411
-0.31059202;2.72652364
-0.30809202;2.82601404
-0.30559202;2.94442582
-0.30309202;3.02926731
-0.30059202;3.08847308
-0.29809202;3.16049695
-0.29559202;3.22946858
-0.29309202;3.25510430
-0.29059202;3.27097392
-0.28809202;3.34116650
-0.28559202;3.44798112
-0.28309202;3.52610850
-0.28059202;3.59447002
-0.27809202;3.72142696
-0.27559202;3.89233065
-0.27309202;4.03088474
-0.27059202;4.12671280
-0.26809202;4.22742414
-0.26559202;4.32142115
-0.26309202;4.35377073
-0.26059202;4.34461498
-0.25809202;4.37025070
-0.25559202;4.42945623
-0.25309202;4.44349480
-0.25059202;4.38795137
-0.24809202;4.31287575
-0.24559202;4.22925520
-0.24309202;4.09131145
-0.24059202;3.90758991
-0.23809202;3.75621819
-0.23559202;3.65550709
-0.23309202;3.53831601
-0.23059202;3.37778854
-0.22809202;3.22641683
-0.22559202;3.10251164
-0.22309202;2.96395755
-0.22059202;2.82052064
-0.21809202;2.74422431
-0.21559202;2.74239326
-0.21309202;2.74910736
-0.21059202;2.75337982
-0.20809202;2.80526137
-0.20559202;2.90169978
-0.20309202;2.98715162
-0.20059202;3.06649971
-0.19809202;3.19162583
-0.19559202;3.34665966
-0.19309202;3.47117519
-0.19059202;3.57982111
-0.18809202;3.73119307
-0.18559202;3.90697956
-0.18309202;4.03820896
-0.18059202;4.12732315
-0.17809202;4.22803450
-0.17559202;4.32874537
-0.17309202;4.36780930
-0.17059202;4.35438108
-0.16809202;4.35560179
-0.16559202;4.37513351
-0.16309202;4.34278393
-0.16059202;4.23841047
-0.15809202;4.11023283
-0.15559202;3.96923733
-0.15309202;3.77758121
-0.15059202;3.56212044
-0.14809202;3.40525532
-0.14559202;3.31308937
-0.14309202;3.22031307
-0.14059202;3.13486123
-0.13809202;3.13669229
-0.13559202;3.22763753
-0.13309202;3.32712793
-0.13059202;3.41563153
-0.12809202;3.54380941
-0.12559202;3.70128489
-0.12309202;3.82580042
-0.12059202;3.93139434
-0.11809202;4.08215570
-0.11559202;4.26099443
-0.11309202;4.39222383
-0.11059202;4.47950697
-0.10809202;4.57716608
-0.10559202;4.66872168
-0.10309202;4.69374657
-0.10059202;4.68703270
-0.09809202;4.73586226
-0.09559202;4.83230066
-0.09309202;4.88540316
-0.09059202;4.87990952
-0.08809202;4.87990952
-0.08559202;4.88540316
-0.08309202;4.83230066
-0.08059202;4.73708296
-0.07809202;4.68092918
-0.07559202;4.65773487
-0.07309202;4.59791851
-0.07059202;4.52833652
-0.06809202;4.55275106
-0.06559202;4.66689062
-0.06309202;4.76638079
-0.06059202;4.83230066
-0.05809202;4.93728447
-0.05559202;5.07827997
-0.05309202;5.17044592
-0.05059202;5.20706797
-0.04809202;5.25467682
-0.04559202;5.30106497
-0.04309202;5.28031254
-0.04059202;5.22904158
-0.03809202;5.25040436
-0.03559202;5.33524561
-0.03309202;5.38102341
-0.03059202;5.38651705
-0.02809202;5.43778801
-0.02559202;5.53361607
-0.02309202;5.57939386
-0.02059202;5.57329035
-0.01809202;5.59648418
-0.01559202;5.64165163
-0.01309202;5.62761307
-0.01059202;5.57939386
-0.00809202;5.60197783
-0.00559202;5.68926048
-0.00309202;5.73564863
-0.00059202;5.73809004
0.00190798;5.78814030
0.00440798;5.88030624
0.00690798;5.91998053
0.00940798;5.91448736
0.01190798;5.96392727
0.01440798;6.05792427
0.01690798;6.09698772
0.01940798;6.09088421
0.02190798;6.14093447
0.02440798;6.24286652
0.02690798;6.28864384
0.02940798;6.27643681
0.03190798;6.30085135
0.03440798;6.35761595
0.03690798;6.35090160
0.03940798;6.29230642
0.04190798;6.29108572
0.04440798;6.34357738
0.04690798;6.34357738
0.04940798;6.29169607
0.05190798;6.28864384
0.05440798;6.32892847
0.05690798;6.31550026
0.05940798;6.27155352
0.06190798;6.32038307
0.06440798;6.45344400
0.06690798;6.54560995
0.06940798;6.59077740
0.07190798;6.69392967
0.07440798;6.85018444
0.07690798;6.94235039
0.07940798;6.96432400
0.08190798;7.01193285
0.08440798;7.07296991
0.08690798;7.05221701
0.08940798;6.98568678
0.09190798;7.01010180
0.09440798;7.12118912
0.09690798;7.18161583
0.09940798;7.16391468
0.10190798;7.16208363
0.10440798;7.17429113
0.10690798;7.10715055
0.10940798;7.00094604
0.11190798;6.99911499
0.11440798;7.09982586
0.11690798;7.16025257
0.11940798;7.15231800
0.12190798;7.17856359
0.12440798;7.23593855
0.12690798;7.22251034
0.12940798;7.16086292
0.13190798;7.18405724
0.13440798;7.28415775
0.13690798;7.32993555
0.13940798;7.31955910
0.14190798;7.36960983
0.14440798;7.47581387
0.14690798;7.51487780
0.14940798;7.49656677
0.15190798;7.54722738
0.15440798;7.66014576
0.15690798;7.70653391
0.15940798;7.68211937
0.16190798;7.70653391
0.16440798;7.77550602
0.16690798;7.76818132
0.16940798;7.69798899
0.17190798;7.69676828
0.17440798;7.76146746
0.17690798;7.76146746
0.17940798;7.69737864
0.18190798;7.69432640
0.18440798;7.74681854
0.18690798;7.73277998
0.18940798;7.67723608
0.19190798;7.72850752
0.19440798;7.88537264
0.19690798;7.99157667
0.19940798;8.01660252
0.20190798;8.06848335
0.20440798;8.14355946
0.20690798;8.13013077
0.20940798;8.05078316
0.21190798;8.04650974
0.21440798;8.10815716
0.21690798;8.10144329
0.21940798;8.03857517
0.22190798;8.06421089
0.22440798;8.17774010
0.22690798;8.23084164
0.22940798;8.20825863
0.23190798;8.23267269
0.23440798;8.29981422
0.23690798;8.28577518
0.23940798;8.21497250
0.24190798;8.23938751
0.24440798;8.35474682
0.24690798;8.40784931
0.24940798;8.38404465
0.25190798;8.40845966
0.25440798;8.47682095
0.25690798;8.46278286
0.25940798;8.39136982
0.26190798;8.41395283
0.26440798;8.52443027
0.26690798;8.57081795
0.26940798;8.54945564
0.27190798;8.60133648
0.27440798;8.72280025
0.27690798;8.76918888
0.27940798;8.73622894
0.28190798;8.76064301
0.28440798;8.83816051
0.28690798;8.83144665
0.28940798;8.75209808
0.29190798;8.75087738
0.29440798;8.82412148
0.29690798;8.82412148
0.29940798;8.75087738
0.30190798;8.75087738
0.30440798;8.82412148
0.30690798;8.82412148
0.30940798;8.75148773
0.31190798;8.74965668
0.31440798;8.81679726
0.31690798;8.81008339
0.31940798;8.74111176
0.32190798;8.76552582
0.32440798;8.87905502
0.32690798;8.92544365
0.32940798;8.90102863
0.33190798;8.95290947
0.33440798;9.07803535
0.33690798;9.12381363
0.33940798;9.08841228
0.34190798;9.11282730
0.34440798;9.19278526
0.34690798;9.18607140
0.34940798;9.10428143
0.35190798;9.10122967
0.35440798;9.17203236
0.35690798;9.16470814
0.35940798;9.09268475
0.36190798;9.11893082
0.36440798;9.24100494
0.36690798;9.29410648
0.36940798;9.26236725
0.37190798;9.28861332
0.37440798;9.37040329
0.37690798;9.36307907
0.37940798;9.28006840
0.38190798;9.27701664
0.38440798;9.34904003
0.38690798;9.34171581
0.38940798;9.26847172
0.39190798;9.29471684
0.39440798;9.41801167
0.39690798;9.47111416
0.39940798;9.43815422
0.40190798;9.46440029
0.40440798;9.54741096
0.40690798;9.54008579
0.40940798;9.45524502
0.41190798;9.45402431
0.41440798;9.53337193
0.41690798;9.53337193
0.41940798;9.45463467
0.42190798;9.45280266
0.42440798;9.52604771
0.42690798;9.51933384
0.42940798;9.44425774
0.43190798;9.46867275
0.43440798;9.58830547
0.43690798;9.63408279
0.43940798;9.60417461
0.44190798;9.65605640
0.44440798;9.78667545
0.44690798;9.83245373
0.44940798;9.79094791
0.45190798;9.81536293
0.45440798;9.90142536
0.45690798;9.89471149
0.45940798;9.80681801
0.46190798;9.80498695
0.46440798;9.88738632
0.46690798;9.88738632
0.46940798;9.80559731
0.47190798;9.80559731
0.47440798;9.88738632
0.47690798;9.88738632
0.47940798;9.80559731
0.48190798;9.80559731
0.48440798;9.88738632
0.48690798;9.88738632
0.48940798;9.80559731
0.49190798;9.80437660
0.49440798;9.88006210
0.49690798;9.87334824
0.49940798;9.79583073
0.50190798;9.82146645
0.50440798;9.94964409
0.50690798;10.00274658
0.50940798;9.96551418
0.51190798;9.99114990
0.51440798;10.07843208
0.51690798;10.07171822
0.51940798;9.98260403
0.52190798;9.98077297
0.52440798;10.06439400
0.52690798;10.06439400
0.52940798;9.98138332
0.53190798;9.98016262
0.53440798;10.05768013
0.53690798;10.05035591
0.53940798;9.97100735
0.54190798;9.99725342
0.54440798;10.12665176
0.54690798;10.17975426
0.54940798;10.14068985
0.55190798;10.16693592
0.55440798;10.25605011
0.55690798;10.24872589
0.55940798;10.15778065
0.56190798;10.15655994
0.56440798;10.24140167
0.56690798;10.24140167
0.56940798;10.15717030
0.57190798;10.15717030
0.57440798;10.24140167
0.57690798;10.24140167
0.57940798;10.15717030
0.58190798;10.15717030
0.58440798;10.24140167
0.58690798;10.24140167
0.58940798;10.15717030
0.59190798;10.15594959
0.59440798;10.23468781
0.59690798;10.22736263
0.59940798;10.14679432
0.60190798;10.17304039
0.60440798;10.30365944
0.60690797;10.35737133
0.60940797;10.31708717
0.61190797;10.34333324
0.61440797;10.43366814
0.61690797;10.42695427
0.61940797;10.33478832
0.62190797;10.33173656
0.62440797;10.41230488
0.62690797;10.40559101
0.62940797;10.32319069
0.63190797;10.34882641
0.63440797;10.48127651
0.63690797;10.53437901
0.63940797;10.49287415
0.64190797;10.51850986
0.64440797;10.61067581
0.64690797;10.60396099
0.64940797;10.50996399
0.65190797;10.50874329
0.65440797;10.59663677
0.65690797;10.59663677
0.65940797;10.50874329
0.66190797;10.50874329
0.66440797;10.59663677
0.66690797;10.59663677
0.66940797;10.50874329
0.67190797;10.50874329
0.67440797;10.59663677
0.67690797;10.59663677
0.67940797;10.50874329
0.68190797;10.50874329
0.68440797;10.59663677
0.68690797;10.59663677
0.68940797;10.50874329
0.69190797;10.50874329
0.69440797;10.59663677
0.69690797;10.59663677
0.69940797;10.50935364
0.70190797;10.50752258
0.70440797;10.58931255
0.70690797;10.58259869
0.70940797;10.49897766
0.71190797;10.52461338
0.71440797;10.65889454
0.71690797;10.71138668
0.71940797;10.66866016
0.72190797;10.69429588
0.72440797;10.78768253
0.72690797;10.78096867
0.72940797;10.68575096
0.73190797;10.68391991
0.73440797;10.77364445
0.73690797;10.77364445
0.73940797;10.68453026
0.74190797;10.68453026
0.74440797;10.77364445
0.74690797;10.77364445
0.74940797;10.68453026
0.75190797;10.68453026
0.75440797;10.77364445
0.75690797;10.77364445
0.75940797;10.68453026
0.76190797;10.68330956
0.76440797;10.76632023
0.76690797;10.75960541
0.76940797;10.67415428
0.77190797;10.70039940
0.77440797;10.83590221
0.77690797;10.88900375
0.77940797;10.84444714
0.78190797;10.87008286
0.78440797;10.96469021
0.78690797;10.95797634
0.78940797;10.86153793
0.79190797;10.85970688
0.79440797;10.95065117
0.79690797;10.95065117
0.79940797;10.86031723
0.80190797;10.86031723
0.80440797;10.95065117
0.80690797;10.95065117
0.80940797;10.86031723
0.81190797;10.86031723
0.81440797;10.95065117
0.81690797;10.95065117
0.81940797;10.86031723
0.82190797;10.86031723
0.82440797;10.95065117
0.82690797;10.95065117
0.82940797;10.86031723
0.83190797;10.86031723
0.83440797;10.95065117
0.83690797;10.95065117
0.83940797;10.86031723
0.84190797;10.86031723
0.84440797;10.95065117
0.84690797;10.95065117
0.84940797;10.86031723
0.85190797;10.86031723
0.85440797;10.95065117
0.85690797;10.95065117
0.85940797;10.86031723
0.86190797;10.86031723
0.86440797;10.95065117
0.86690797;10.95065117
0.86940797;10.86031723
0.87190797;10.86031723
0.87440797;10.95065117
0.87690797;10.95065117
0.87940797;10.86031723
0.88190797;10.86031723
0.88440797;10.95065117
0.88690797;10.95065117
0.88940797;10.86031723
0.89190797;10.86031723
0.89440797;10.95065117
0.89690797;10.95065117
0.89940797;10.86031723
0.90190797;10.86031723
0.90440797;10.95065117
0.90690797;10.95065117
0.90940797;10.86031723
0.91190797;10.85909557
0.91440797;10.94393730
0.91690797;10.93661308
0.91940797;10.84994030
0.92190797;10.87740707
0.92440797;11.02023411
0.92690797;11.08005047
0.92940797;11.02999973
0.93190797;11.02877903
0.93440797;11.07272530
0.93690797;11.00619507
0.93940797;10.86703110
0.94190797;10.86703110
0.94440797;11.00619507
0.94690797;11.07272530
0.94940797;11.02877903
0.95190797;11.02999973
0.95440797;11.08005047
0.95690797;11.02023411
0.95940797;10.87740707
0.96190797;10.84871960
0.96440797;10.92928886
0.96690797;10.92928886
0.96940797;10.84932995
0.97190797;10.87496567
0.97440797;11.00558472
0.97690797;11.05197334
0.97940797;11.00985718
0.98190797;11.06295967
0.98440797;11.21127987
0.98690797;11.26438141
0.98940797;11.20700741
0.99190797;11.20517635
0.99440797;11.25705719
0.99690797;11.19724083
0.99940797;11.05319405
1.00190797;11.02572727
1.00440797;11.11362076
1.00690797;11.12094498
1.00940797;11.03488255
1.01190797;11.03610325
1.01440797;11.12826920
1.01690797;11.12826920
1.01940797;11.03549290
1.02190797;11.03549290
1.02440797;11.12826920
1.02690797;11.12826920
1.02940797;11.03549290
1.03190797;11.03549290
1.03440797;11.12826920
1.03690797;11.12826920
1.03940797;11.03610325
1.04190797;11.03488255
1.04440797;11.12094498
1.04690797;11.11362076
1.04940797;11.02572727
1.05190797;11.05197334
1.05440797;11.18991661
1.05690797;11.24301910
1.05940797;11.19540977
1.06190797;11.22165585
1.06440797;11.31931496
1.06690797;11.31199074
1.06940797;11.21250057
1.07190797;11.21127987
1.07440797;11.30527687
1.07690797;11.30527687
1.07940797;11.21127987
1.08190797;11.21127987
1.08440797;11.30527687
1.08690797;11.30527687
1.08940797;11.21127987
1.09190797;11.21127987
1.09440797;11.30527687
1.09690797;11.30527687
1.09940797;11.21127987
1.10190797;11.21127987
1.10440797;11.30527687
1.10690797;11.30527687
1.10940797;11.21127987
1.11190797;11.21127987
1.11440797;11.30527687
1.11690797;11.30527687
1.11940797;11.21127987
1.12190797;11.21127987
1.12440797;11.30527687
1.12690797;11.30527687
1.12940797;11.21127987
1.13190797;11.21127987
1.13440797;11.30527687
1.13690797;11.30527687
1.13940797;11.21127987
1.14190797;11.21127987
1.14440797;11.30527687
1.14690797;11.30527687
1.14940797;11.21127987
1.15190797;11.21127987
1.15440797;11.30527687
1.15690797;11.30527687
1.15940797;11.21127987
1.16190797;11.21127987
1.16440797;11.30527687
1.16690797;11.30527687
1.16940797;11.21127987
1.17190797;11.21127987
1.17440797;11.30527687
1.17690797;11.30527687
1.17940797;11.21127987
1.18190797;11.21127987
1.18440797;11.30527687
1.18690797;11.30527687
1.18940797;11.21127987
1.19190797;11.21127987
1.19440797;11.30527687
1.19690797;11.30527687
1.19940797;11.21127987
1.20190797;11.21127987
1.20440797;11.30527687
1.20690797;11.30527687
1.20940797;11.21127987
1.21190797;11.21127987
1.21440797;11.30527687
1.21690797;11.30527687
1.21940797;11.21127987
1.22190797;11.21127987
1.22440797;11.30527687
1.22690797;11.30527687
1.22940797;11.21127987
1.23190797;11.21127987
1.23440797;11.30527687
1.23690797;11.30527687
1.23940797;11.21127987
1.24190797;11.21127987
1.24440797;11.30527687
1.24690797;11.30527687
1.24940797;11.21127987
1.25190797;11.21127987
1.25440797;11.30527687
1.25690797;11.30527687
1.25940797;11.21127987
1.26190797;11.21127987
1.26440797;11.30527687
1.26690797;11.30527687
1.26940797;11.21127987
1.27190797;11.21127987
1.27440797;11.30527687
1.27690797;11.30527687
1.27940797;11.21127987
1.28190797;11.21127987
1.28440797;11.30527687
1.28690797;11.30527687
1.28940797;11.21127987
1.29190797;11.21127987
1.29440797;11.30527687
1.29690797;11.30527687
1.29940797;11.21127987
1.30190797;11.21127987
1.30440797;11.30527687
1.30690797;11.30527687
1.30940797;11.21127987
1.31190797;11.21127987
1.31440797;11.30527687
1.31690797;11.30527687
1.31940797;11.21127987
1.32190797;11.21127987
1.32440797;11.30527687
1.32690797;11.30527687
1.32940797;11.21127987
1.33190797;11.21127987
1.33440797;11.30527687
1.33690797;11.30527687
1.33940797;11.21127987
1.34190797;11.21127987
1.34440797;11.30527687
1.34690797;11.30527687
1.34940797;11.21189022
1.35190797;11.21005917
1.35440797;11.29795265
1.35690797;11.29123783
1.35940797;11.20151329
1.36190797;11.22714901
1.36440797;11.36692429
1.36690797;11.42002583
1.36940797;11.37119675
1.37190797;11.39805317
1.37440797;11.50364685
1.37690797;11.50364685
1.37940797;11.39866352
1.38190797;11.36997604
1.38440797;11.41331196
1.38690797;11.35288525
1.38940797;11.21738338
1.39190797;11.21860409
1.39440797;11.36021042
1.39690797;11.42735100
1.39940797;11.37974167
1.40190797;11.38157272
1.40440797;11.43406487
1.40690797;11.37424850
1.40940797;11.22836971
1.41190797;11.20090294
1.41440797;11.29123783
1.41690797;11.29795265
1.41940797;11.21066952
1.42190797;11.21066952
1.42440797;11.29795265
1.42690797;11.29123783
1.42940797;11.20151329
1.43190797;11.22714901
1.43440797;11.36692429
1.43690797;11.42002583
1.43940797;11.37119675
1.44190797;11.39683247
1.44440797;11.49632263
1.44690797;11.48960876
1.44940797;11.38828659
1.45190797;11.38706589
1.45440797;11.48228359
1.45690797;11.48228359
1.45940797;11.38706589
1.46190797;11.38828659
1.46440797;11.48960876
1.46690797;11.49632263
1.46940797;11.39744282
1.47190797;11.36997604
1.47440797;11.41331196
1.47690797;11.35288525
1.47940797;11.21738338
1.48190797;11.21738338
1.48440797;11.35288525
1.48690797;11.41331196
1.48940797;11.36997604
1.49190797;11.39744282
1.49440797;11.49632263
1.49690797;11.48960876
1.49940797;11.38828659
1.50190797;11.38828659
1.50440797;11.48960876
1.50690797;11.49632263
1.50940797;11.39744282
1.51190797;11.36997604
1.51440797;11.41331196
1.51690797;11.35288525
1.51940797;11.21738338
1.52190797;11.21860409
1.52440797;11.36021042
1.52690797;11.42735100
1.52940797;11.38035202
1.53190797;11.38035202
1.53440797;11.42735100
1.53690797;11.36021042
1.53940797;11.21860409
1.54190797;11.21738338
1.54440797;11.35288525
1.54690797;11.41331196
1.54940797;11.36997604
1.55190797;11.39744282
1.55440797;11.49632263
1.55690797;11.48960876
1.55940797;11.38828659
1.56190797;11.38706589
1.56440797;11.48228359
1.56690797;11.48228359
1.56940797;11.38706589
1.57190797;11.38706589
1.57440797;11.48228359
1.57690797;11.48228359
1.57940797;11.38706589
1.58190797;11.38706589
1.58440797;11.48228359
1.58690797;11.48228359
1.58940797;11.38706589
1.59190797;11.38706589
1.59440797;11.48228359
1.59690797;11.48228359
1.59940797;11.38706589
1.60190797;11.38706589
1.60440797;11.48228359
1.60690797;11.48228359
1.60940797;11.38706589
1.61190797;11.38706589
1.61440797;11.48228359
1.61690797;11.48228359
1.61940797;11.38706589
1.62190797;11.38706589
1.62440797;11.48228359
1.62690797;11.48228359
1.62940797;11.38706589
1.63190797;11.38706589
1.63440797;11.48228359
1.63690797;11.48228359
1.63940797;11.38706589
1.64190797;11.38706589
1.64440797;11.48228359
1.64690797;11.48228359
1.64940797;11.38706589
1.65190797;11.38706589
1.65440797;11.48228359
1.65690797;11.48228359
1.65940797;11.38706589
1.66190797;11.38706589
1.66440797;11.48228359
1.66690797;11.48228359
1.66940797;11.38706589
1.67190797;11.38706589
1.67440797;11.48228359
1.67690797;11.48228359
1.67940797;11.38706589
1.68190797;11.38706589
1.68440797;11.48228359
1.68690797;11.48228359
1.68940797;11.38706589
1.69190797;11.38706589
1.69440797;11.48228359
1.69690797;11.48228359
1.69940797;11.38706589
1.70190797;11.38706589
1.70440797;11.48228359
1.70690797;11.48228359
1.70940797;11.38706589
1.71190797;11.38706589
1.71440797;11.48228359
1.71690797;11.48228359
1.71940797;11.38706589
1.72190797;11.38706589
1.72440797;11.48228359
1.72690797;11.48228359
1.72940797;11.38706589
1.73190797;11.38706589
1.73440797;11.48228359
1.73690797;11.48228359
1.73940797;11.38706589
1.74190797;11.38706589
1.74440797;11.48228359
1.74690797;11.48228359
1.74940797;11.38706589
1.75190797;11.38706589
1.75440797;11.48228359
1.75690797;11.48228359
1.75940797;11.38706589
1.76190797;11.38706589
1.76440797;11.48228359
1.76690797;11.48228359
1.76940797;11.38706589
1.77190797;11.38706589
1.77440797;11.48228359
1.77690797;11.48228359
1.77940797;11.38706589
1.78190797;11.38706589
1.78440797;11.48228359
1.78690797;11.48228359
1.78940797;11.38706589
1.79190797;11.38706589
1.79440797;11.48228359
1.79690797;11.48228359
1.79940797;11.38706589
1.80190797;11.38706589
1.80440797;11.48228359
1.80690797;11.48228359
1.80940797;11.38706589
1.81190797;11.38706589
1.81440797;11.48228359
1.81690797;11.48228359
1.81940797;11.38706589
1.82190797;11.38706589
1.82440797;11.48228359
1.82690797;11.48228359
1.82940797;11.38706589
1.83190797;11.38706589
1.83440797;11.48228359
1.83690797;11.48228359
1.83940797;11.38706589
1.84190797;11.38706589
1.84440797;11.48228359
1.84690797;11.48228359
1.84940797;11.38706589
1.85190797;11.38706589
1.85440797;11.48228359
1.85690797;11.48228359
1.85940797;11.38706589
1.86190797;11.38706589
1.86440797;11.48228359
1.86690797;11.48228359
1.86940797;11.38706589
1.87190797;11.38706589
1.87440797;11.48228359
1.87690797;11.48228359
1.87940797;11.38706589
1.88190797;11.38706589
1.88440797;11.48228359
1.88690797;11.48228359
1.88940797;11.38706589
1.89190797;11.38706589
1.89440797;11.48228359
1.89690797;11.48228359
1.89940797;11.38706589
1.90190797;11.38706589
1.90440797;11.48228359
1.90690797;11.48228359
1.90940797;11.38706589
1.91190797;11.38706589
1.91440797;11.48228359
1.91690797;11.48228359
1.91940797;11.38706589
1.92190797;11.38706589
1.92440797;11.48228359
1.92690797;11.48228359
1.92940797;11.38706589
1.93190797;11.38706589
1.93440797;11.48228359
1.93690797;11.48228359
1.93940797;11.38706589
1.94190797;11.38706589
1.94440797;11.48228359
1.94690797;11.48228359
1.94940797;11.38706589
1.95190797;11.38706589
1.95440797;11.48228359
1.95690797;11.48228359
1.95940797;11.38706589
1.96190797;11.38706589
1.96440797;11.48228359
1.96690797;11.48228359
1.96940797;11.38706589
1.97190797;11.38706589
1.97440797;11.48228359
1.97690797;11.48228359
1.97940797;11.38706589
1.98190797;11.38706589
1.98440797;11.48228359
1.98690797;11.48228359
1.98940797;11.38706589
1.99190797;11.38706589
1.99440797;11.48228359
1.99690797;11.48228359
1.99940797;11.38706589
2.00190797;11.38706589
2.00440797;11.48228359
2.00690797;11.48228359
2.00940797;11.38706589
2.01190797;11.38706589
2.01440797;11.48228359
2.01690797;11.48228359
2.01940797;11.38706589
2.02190797;11.38706589
2.02440797;11.48228359
2.02690797;11.48228359
2.02940797;11.38706589
2.03190797;11.38706589
2.03440797;11.48228359
2.03690797;11.48228359
2.03940797;11.38706589
2.04190797;11.38706589
2.04440797;11.48228359
2.04690797;11.48228359
2.04940797;11.38706589
2.05190797;11.38706589
2.05440797;11.48228359
2.05690797;11.48228359
2.05940797;11.38706589
2.06190797;11.38706589
2.06440797;11.48228359
2.06690797;11.48228359
2.06940797;11.38706589
2.07190797;11.38706589
2.07440797;11.48228359
2.07690797;11.48228359
2.07940797;11.38706589
2.08190797;11.38706589
2.08440797;11.48228359
2.08690797;11.48228359
2.08940797;11.38706589
2.09190797;11.38706589
2.09440797;11.48228359
2.09690797;11.48228359
2.09940797;11.38706589
2.10190797;11.38706589
2.10440797;11.48228359
2.10690797;11.48228359
2.10940797;11.38706589
2.11190797;11.38706589
2.11440797;11.48228359
2.11690797;11.48228359
2.11940797;11.38706589
2.12190797;11.38706589
2.12440797;11.48228359
2.12690797;11.48228359
2.12940797;11.38706589
2.13190797;11.38706589
2.13440797;11.48228359
2.13690797;11.48228359
2.13940797;11.38706589
2.14190797;11.38706589
2.14440797;11.48228359
2.14690797;11.48228359
2.14940797;11.38706589
2.15190797;11.38706589
2.15440797;11.48228359
2.15690797;11.48228359
2.15940797;11.38706589
2.16190797;11.38706589
2.16440797;11.48228359
2.16690797;11.48228359
2.16940797;11.38706589
2.17190797;11.38706589
2.17440797;11.48228359
2.17690797;11.48228359
2.17940797;11.38706589
2.18190797;11.38706589
2.18440797;11.48228359
2.18690797;11.48228359
2.18940797;11.38706589
2.19190797;11.38706589
2.19440797;11.48228359
2.19690797;11.48228359
2.19940797;11.38706589
2.20190797;11.38706589
2.20440797;11.48228359
2.20690797;11.48228359
2.20940797;11.38706589
2.21190797;11.38706589
2.21440797;11.48228359
2.21690797;11.48228359
2.21940797;11.38706589
2.22190797;11.38706589
2.22440797;11.48228359
2.22690797;11.48228359
2.22940797;11.38706589
2.23190797;11.38706589
2.23440797;11.48228359
2.23690797;11.48228359
2.23940797;11.38706589
2.24190797;11.38706589
2.24440797;11.48228359
2.24690797;11.48228359
2.24940797;11.38706589
2.25190796;11.38706589
2.25440796;11.48228359
2.25690796;11.48228359
2.25940796;11.38706589
2.26190796;11.38706589
2.26440796;11.48228359
2.26690796;11.48228359
2.26940796;11.38706589
2.27190796;11.38706589
2.27440796;11.48228359
2.27690796;11.48228359
2.27940796;11.38706589
2.28190796;11.38706589
2.28440796;11.48228359
2.28690796;11.48228359
2.28940796;11.38706589
2.29190796;11.38706589
2.29440796;11.48228359
2.29690796;11.48228359
2.29940796;11.38706589
2.30190796;11.38706589
2.30440796;11.48228359
2.30690796;11.48228359
2.30940796;11.38706589
2.31190796;11.38706589
2.31440796;11.48228359
2.31690796;11.48228359
2.31940796;11.38706589
2.32190796;11.38706589
2.32440796;11.48228359
2.32690796;11.48228359
2.32940796;11.38706589
2.33190796;11.38706589
2.33440796;11.48228359
2.33690796;11.48228359
2.33940796;11.38706589
2.34190796;11.38706589
2.34440796;11.48228359
2.34690796;11.48228359
2.34940796;11.38706589
2.35190796;11.38706589
2.35440796;11.48228359
2.35690796;11.48228359
2.35940796;11.38706589
2.36190796;11.38706589
2.36440796;11.48228359
2.36690796;11.48228359
2.36940796;11.38706589
2.37190796;11.38706589
2.37440796;11.48228359
2.37690796;11.48228359
2.37940796;11.38706589
2.38190796;11.38706589
2.38440796;11.48228359
2.38690796;11.48228359
2.38940796;11.38706589
2.39190796;11.38706589
2.39440796;11.48228359
2.39690796;11.48228359
2.39940796;11.38706589
2.40190796;11.38706589
2.40440796;11.48228359
2.40690796;11.48228359
2.40940796;11.38706589
2.41190796;11.38706589
2.41440796;11.48228359
2.41690796;11.48228359
2.41940796;11.38706589
2.42190796;11.38706589
2.42440796;11.48228359
2.42690796;11.48228359
2.42940796;11.38706589
2.43190796;11.38706589
2.43440796;11.48228359
2.43690796;11.48228359
2.43940796;11.38706589
2.44190796;11.38706589
2.44440796;11.48228359
2.44690796;11.48228359
2.44940796;11.38706589
2.45190796;11.38706589
2.45440796;11.48228359
2.45690796;11.48228359
2.45940796;11.38706589
2.46190796;11.38706589
2.46440796;11.48228359
2.46690796;11.48228359
2.46940796;11.38706589
2.47190796;11.38706589
2.47440796;11.48228359
2.47690796;11.48228359
2.47940796;11.38706589
2.48190796;11.38706589
2.48440796;11.48228359
2.48690796;11.48228359
2.48940796;11.38706589
2.49190796;11.38706589
2.49440796;11.48228359
2.49690796;11.48228359
2.49940796;11.38706589
2.50190796;11.38706589
2.50440796;11.48228359
2.50690796;11.48228359
2.50940796;11.38706589
2.51190796;11.38706589
2.51440796;11.48228359
2.51690796;11.48228359
2.51940796;11.38706589
2.52190796;11.38706589
2.52440796;11.48228359
2.52690796;11.48228359
2.52940796;11.38706589
2.53190796;11.38706589
2.53440796;11.48228359
2.53690796;11.48228359
2.53940796;11.38706589
2.54190796;11.38706589
2.54440796;11.48228359
2.54690796;11.48228359
2.54940796;11.38706589
2.55190796;11.38706589
2.55440796;11.48228359
2.55690796;11.48228359
2.55940796;11.38706589
2.56190796;11.38706589
2.56440796;11.48228359
2.56690796;11.48228359
2.56940796;11.38706589
2.57190796;11.38706589
2.57440796;11.48228359
2.57690796;11.48228359
2.57940796;11.38706589
2.58190796;11.38706589
2.58440796;11.48228359
2.58690796;11.48228359
2.58940796;11.38706589
2.59190796;11.38706589
2.59440796;11.48228359
2.59690796;11.48228359
2.59940796;11.38706589
2.60190796;11.38706589
2.60440796;11.48228359
2.60690796;11.48228359
2.60940796;11.38706589
2.61190796;11.38706589
2.61440796;11.48228359
2.61690796;11.48228359
2.61940796;11.38706589
2.62190796;11.38706589
2.62440796;11.48228359
2.62690796;11.48228359
2.62940796;11.38706589
2.63190796;11.38706589
2.63440796;11.48228359
2.63690796;11.48228359
2.63940796;11.38706589
2.64190796;11.38706589
2.64440796;11.48228359
2.64690796;11.48228359
2.64940796;11.38706589
2.65190796;11.38706589
2.65440796;11.48228359
2.65690796;11.48228359
2.65940796;11.38706589
2.66190796;11.38706589
2.66440796;11.48228359
2.66690796;11.48228359
2.66940796;11.38706589
2.67190796;11.38706589
2.67440796;11.48228359
2.67690796;11.48228359
2.67940796;11.38706589
2.68190796;11.38706589
2.68440796;11.48228359
2.68690796;11.48228359
2.68940796;11.38706589
2.69190796;11.38706589
2.69440796;11.48228359
2.69690796;11.48228359
2.69940796;11.38706589
2.70190796;11.38706589
2.70440796;11.48228359
2.70690796;11.48228359
2.70940796;11.38706589
2.71190796;11.38706589
2.71440796;11.48228359
2.71690796;11.48228359
2.71940796;11.38706589
2.72190796;11.38706589
2.72440796;11.48228359
2.72690796;11.48228359
2.72940796;11.38706589
2.73190796;11.38706589
2.73440796;11.48228359
2.73690796;11.48228359
2.73940796;11.38706589
2.74190796;11.38706589
2.74440796;11.48228359
2.74690796;11.48228359
2.74940796;11.38706589
2.75190796;11.38706589
2.75440796;11.48228359
2.75690796;11.48228359
2.75940796;11.38767624
2.76190796;11.38584518
2.76440796;11.47495937
2.76690796;11.46824551
2.76940796;11.37668991
2.77190796;11.40415668
2.77440796;11.55125618
2.77690796;11.61168289
2.77940796;11.55674934
2.78190796;11.55674934
2.78440796;11.61168289
2.78690796;11.55125618
2.78940796;11.40415668
2.79190796;11.37668991
2.79440796;11.46824551
2.79690796;11.47495937
2.79940796;11.38645554
2.80190796;11.38645554
2.80440796;11.47495937
2.80690796;11.46824551
2.80940796;11.37668991
2.81190796;11.40415668
2.81440796;11.55125618
2.81690796;11.61168289
2.81940796;11.55674934
2.82190796;11.55674934
2.82440796;11.61168289
2.82690796;11.55125618
2.82940796;11.40415668
2.83190796;11.37668991
2.83440796;11.46824551
2.83690796;11.47495937
2.83940796;11.38584518
2.84190796;11.38767624
2.84440796;11.48228359
2.84690796;11.48228359
2.84940796;11.38706589
2.85190796;11.38706589
2.85440796;11.48228359
2.85690796;11.48228359
2.85940796;11.38706589
2.86190796;11.38706589
2.86440796;11.48228359
2.86690796;11.48228359
2.86940796;11.38706589
2.87190796;11.38706589
2.87440796;11.48228359
2.87690796;11.48228359
2.87940796;11.38706589
2.88190796;11.38706589
2.88440796;11.48228359
2.88690796;11.48228359
2.88940796;11.38706589
2.89190796;11.38706589
2.89440796;11.48228359
2.89690796;11.48228359
2.89940796;11.38706589
2.90190796;11.38706589
2.90440796;11.48228359
2.90690796;11.48228359
2.90940796;11.38706589
2.91190796;11.38706589
2.91440796;11.48228359
2.91690796;11.48228359
2.91940796;11.38706589
2.92190796;11.38706589
2.92440796;11.48228359
2.92690796;11.48228359
2.92940796;11.38706589
2.93190796;11.38706589
2.93440796;11.48228359
2.93690796;11.48228359
2.93940796;11.38706589
2.94190796;11.38706589
2.94440796;11.48228359
2.94690796;11.48228359
2.94940796;11.38706589
2.95190796;11.38706589
2.95440796;11.48228359
2.95690796;11.48228359
2.95940796;11.38706589
2.96190796;11.38706589
2.96440796;11.48228359
2.96690796;11.48228359
2.96940796;11.38706589
2.97190796;11.38706589
2.97440796;11.48228359
2.97690796;11.48228359
2.97940796;11.38706589
2.98190796;11.38706589
2.98440796;11.48228359
2.98690796;11.48228359
2.98940796;11.38706589
2.99190796;11.38706589
2.99440796;11.48228359
2.99690796;11.48228359
2.99940796;11.38706589
3.00190796;11.38706589
3.00440796;11.48228359
3.00690796;11.48228359
3.00940796;11.38706589
3.01190796;11.38706589
3.01440796;11.48228359
3.01690796;11.48228359
3.01940796;11.38706589
3.02190796;11.38706589
3.02440796;11.48228359
3.02690796;11.48228359
3.02940796;11.38706589
3.03190796;11.38706589
3.03440796;11.48228359
3.03690796;11.48228359
3.03940796;11.38706589
3.04190796;11.38706589
3.04440796;11.48228359
3.04690796;11.48228359
3.04940796;11.38706589
3.05190796;11.38706589
3.05440796;11.48228359
3.05690796;11.48228359
3.05940796;11.38706589
3.06190796;11.38706589
3.06440796;11.48228359
3.06690796;11.48228359
3.06940796;11.38706589
3.07190796;11.38706589
3.07440796;11.48228359
3.07690796;11.48228359
3.07940796;11.38706589
3.08190796;11.38706589
3.08440796;11.48228359
3.08690796;11.48228359
3.08940796;11.38706589
3.09190796;11.38706589
3.09440796;11.48228359
3.09690796;11.48228359
3.09940796;11.38706589
3.10190796;11.38706589
3.10440796;11.48228359
3.10690796;11.48228359
3.10940796;11.38767624
3.11190796;11.38584518
3.11440796;11.47495937
3.11690796;11.46824551
3.11940796;11.37668991
3.12190796;11.40415668
3.12440796;11.55125618
3.12690796;11.61168289
3.12940796;11.55674934
3.13190796;11.55674934
3.13440796;11.61168289
3.13690796;11.55125618
3.13940796;11.40415668
3.14190796;11.37668991
3.14440796;11.46824551
3.14690796;11.47495937
3.14940796;11.38584518
3.15190796;11.38767624
3.15440796;11.48228359
3.15690796;11.48228359
3.15940796;11.38706589
3.16190796;11.38706589
3.16440796;11.48228359
3.16690796;11.48228359
3.16940796;11.38706589
3.17190796;11.38706589
3.17440796;11.48228359
3.17690796;11.48228359
3.17940796;11.38706589
3.18190796;11.38706589
3.18440796;11.48228359
3.18690796;11.48228359
3.18940796;11.38706589
3.19190796;11.38706589
3.19440796;11.48228359
3.19690796;11.48228359
3.19940796;11.38706589
3.20190796;11.38706589
3.20440796;11.48228359
3.20690796;11.48228359
3.20940796;11.38706589
3.21190796;11.38706589
3.21440796;11.48228359
3.21690796;11.48228359
3.21940796;11.38706589
3.22190796;11.38706589
3.22440796;11.48228359
3.22690796;11.48228359
3.22940796;11.38706589
3.23190796;11.38706589
3.23440796;11.48228359
3.23690796;11.48228359
3.23940796;11.38706589
3.24190796;11.38706589
3.24440796;11.48228359
3.24690796;11.48228359
3.24940796;11.38767624
3.25190796;11.38584518
3.25440796;11.47495937
3.25690796;11.46824551
3.25940796;11.37668991
3.26190796;11.40415668
3.26440796;11.55125618
3.26690796;11.61168289
3.26940796;11.55674934
3.27190796;11.55674934
3.27440796;11.61168289
3.27690796;11.55125618
3.27940796;11.40415668
3.28190796;11.37668991
3.28440796;11.46824551
3.28690796;11.47495937
3.28940796;11.38584518
3.29190796;11.38767624
3.29440796;11.48228359
3.29690796;11.48228359
3.29940796;11.38706589
3.30190796;11.38706589
3.30440796;11.48228359
3.30690796;11.48228359
3.30940796;11.38706589
3.31190796;11.38706589
3.31440796;11.48228359
3.31690796;11.48228359
3.31940796;11.38706589
3.32190796;11.38706589
3.32440796;11.48228359
3.32690796;11.48228359
3.32940796;11.38706589
3.33190796;11.38706589
3.33440796;11.48228359
3.33690796;11.48228359
3.33940796;11.38706589
3.34190796;11.38706589
3.34440796;11.48228359
3.34690796;11.48228359
3.34940796;11.38706589
3.35190796;11.38706589
3.35440796;11.48228359
3.35690796;11.48228359
3.35940796;11.38706589
3.36190796;11.38706589
3.36440796;11.48228359
3.36690796;11.48228359
3.36940796;11.38706589
3.37190796;11.38706589
3.37440796;11.48228359
3.37690796;11.48228359
3.37940796;11.38706589
3.38190796;11.38706589
3.38440796;11.48228359
3.38690796;11.48228359
3.38940796;11.38706589
3.39190796;11.38706589
3.39440796;11.48228359
3.39690796;11.48228359
3.39940796;11.38706589
3.40190796;11.38706589
3.40440796;11.48228359
3.40690796;11.48228359
3.40940796;11.38767624
3.41190796;11.38584518
3.41440796;11.47495937
3.41690796;11.46824551
3.41940796;11.37668991
3.42190796;11.40415668
3.42440796;11.55125618
3.42690796;11.61168289
3.42940796;11.55674934
3.43190796;11.55674934
3.43440796;11.61168289
3.43690796;11.55125618
3.43940796;11.40415668
3.44190796;11.37668991
3.44440796;11.46824551
3.44690796;11.47495937
3.44940796;11.38584518
3.45190796;11.38767624
3.45440796;11.48228359
3.45690796;11.48228359
3.45940796;11.38706589
3.46190796;11.38706589
3.46440796;11.48228359
3.46690796;11.48228359
3.46940796;11.38706589
3.47190796;11.38706589
3.47440796;11.48228359
3.47690796;11.48228359
3.47940796;11.38706589
3.48190796;11.38706589
3.48440796;11.48228359
3.48690796;11.48228359
3.48940796;11.38706589
3.49190796;11.38706589
3.49440796;11.48228359
3.49690796;11.48228359
3.49940796;11.38706589
3.50190796;11.38706589
3.50440796;11.48228359
3.50690796;11.48228359
3.50940796;11.38706589
3.51190796;11.38706589
3.51440796;11.48228359
3.51690796;11.48228359
3.51940796;11.38706589
3.52190796;11.38706589
3.52440796;11.48228359
3.52690796;11.48228359
3.52940796;11.38706589
3.53190796;11.38706589
3.53440796;11.48228359
3.53690796;11.48228359
3.53940796;11.38706589
3.54190796;11.38706589
3.54440796;11.48228359
3.54690796;11.48228359
3.54940796;11.38706589
3.55190796;11.38706589
3.55440796;11.48228359
3.55690796;11.48228359
3.55940796;11.38706589
3.56190796;11.38706589
3.56440796;11.48228359
3.56690796;11.48228359
3.56940796;11.38706589
3.57190796;11.38706589
3.57440796;11.48228359
3.57690796;11.48228359
3.57940796;11.38706589
3.58190796;11.38706589
3.58440796;11.48228359
3.58690796;11.48228359
3.58940796;11.38767624
3.59190796;11.38584518
3.59440796;11.47495937
3.59690796;11.46824551
3.59940796;11.37668991
3.60190796;11.40415668
3.60440796;11.55125618
3.60690796;11.61168289
3.60940796;11.55735970
3.61190796;11.55552864
3.61440796;11.60435772
3.61690796;11.53721714
3.61940796;11.39378071
3.62190796;11.39378071
3.62440796;11.53721714
3.62690796;11.60435772
3.62940796;11.55552864
3.63190796;11.55735970
3.63440796;11.61168289
3.63690796;11.55125618
3.63940796;11.40415668
3.64190796;11.37668991
3.64440796;11.46824551
3.64690796;11.47495937
3.64940796;11.38584518
3.65190796;11.38767624
3.65440796;11.48228359
3.65690796;11.48228359
3.65940796;11.38706589
3.66190796;11.38706589
3.66440796;11.48228359
3.66690796;11.48228359
3.66940796;11.38706589
3.67190796;11.38706589
3.67440796;11.48228359
3.67690796;11.48228359
3.67940796;11.38706589
3.68190796;11.38706589
3.68440796;11.48228359
3.68690796;11.48228359
3.68940796;11.38706589
3.69190796;11.38706589
3.69440796;11.48228359
3.69690796;11.48228359
3.69940796;11.38706589
3.70190796;11.38706589
3.70440796;11.48228359
3.70690796;11.48228359
3.70940796;11.38706589
3.71190796;11.38706589
3.71440796;11.48228359
3.71690796;11.48228359
3.71940796;11.38706589
3.72190796;11.38706589
3.72440796;11.48228359
3.72690796;11.48228359
3.72940796;11.38706589
3.73190796;11.38706589
3.73440796;11.48228359
3.73690796;11.48228359
3.73940796;11.38706589
3.74190796;11.38706589
3.74440796;11.48228359
3.74690796;11.48228359
3.74940796;11.38706589
3.75190796;11.38706589
3.75440796;11.48228359
3.75690796;11.48228359
3.75940796;11.38767624
3.76190796;11.38584518
3.76440796;11.47495937
3.76690796;11.46824551
3.76940796;11.37668991
3.77190796;11.40415668
3.77440796;11.55125618
3.77690796;11.61168289
3.77940796;11.55674934
3.78190796;11.55674934
3.78440796;11.61168289
3.78690796;11.55125618
3.78940796;11.40415668
3.79190796;11.37668991
3.79440796;11.46824551
3.79690796;11.47495937
3.79940796;11.38584518
3.80190796;11.38767624
3.80440796;11.48228359
3.80690796;11.48228359
3.80940796;11.38706589
3.81190796;11.38706589
3.81440796;11.48228359
3.81690796;11.48228359
3.81940796;11.38706589
3.82190796;11.38706589
3.82440796;11.48228359
3.82690796;11.48228359
3.82940796;11.38706589
3.83190796;11.38706589
3.83440796;11.48228359
3.83690796;11.48228359
3.83940796;11.38706589
3.84190796;11.38706589
3.84440796;11.48228359
3.84690796;11.48228359
3.84940796;11.38706589
3.85190796;11.38706589
3.85440796;11.48228359
3.85690796;11.48228359
3.85940796;11.38706589
3.86190796;11.38706589
3.86440796;11.48228359
3.86690796;11.48228359
3.86940796;11.38706589
3.87190796;11.38706589
3.87440796;11.48228359
3.87690796;11.48228359
3.87940796;11.38706589
3.88190796;11.38706589
3.88440796;11.48228359
3.88690796;11.48228359
3.88940796;11.38706589
3.89190796;11.38706589
3.89440796;11.48228359
3.89690795;11.48228359
3.89940795;11.38706589
3.90190795;11.38706589
3.90440795;11.48228359
3.90690795;11.48228359
3.90940795;11.38706589
3.91190795;11.38706589
3.91440795;11.48228359
3.91690795;11.48228359
3.91940795;11.38706589
3.92190795;11.38706589
3.92440795;11.48228359
3.92690795;11.48228359
3.92940795;11.38706589
3.93190795;11.38706589
3.93440795;11.48228359
3.93690795;11.48228359
3.93940795;11.38706589
3.94190795;11.38706589
3.94440795;11.48228359
3.94690795;11.48228359
3.94940795;11.38706589
3.95190795;11.38706589
3.95440795;11.48228359
3.95690795;11.48228359
3.95940795;11.38706589
3.96190795;11.38706589
3.96440795;11.48228359
3.96690795;11.48228359
3.96940795;11.38706589
3.97190795;11.38706589
3.97440795;11.48228359
3.97690795;11.48228359
3.97940795;11.38706589
3.98190795;11.38706589
3.98440795;11.48228359
3.98690795;11.48228359
3.98940795;11.38706589
3.99190795;11.38706589
3.99440795;11.48228359
3.99690795;11.48228359
3.99940795;11.38706589
4.00190795;11.38706589
4.00440795;11.48228359
4.00690795;11.48228359
4.00940795;11.38706589
4.01190795;11.38706589
4.01440795;11.48228359
4.01690795;11.48228359
4.01940795;11.38706589
4.02190795;11.38706589
4.02440795;11.48228359
4.02690795;11.48228359
4.02940795;11.38706589
4.03190795;11.38706589
4.03440795;11.48228359
4.03690795;11.48228359
4.03940795;11.38706589
4.04190795;11.38706589
4.04440795;11.48228359
4.04690795;11.48228359
4.04940795;11.38706589
4.05190795;11.38706589
4.05440795;11.48228359
4.05690795;11.48228359
4.05940795;11.38706589
